{
    "FFIT": -0.009194877699868199,
    "BFIT": -0.026077404441367667,
    "WFIT": -0.18474854439476365,
    "AWFIT": -0.036678059331720234
}