{
    "FFIT": -0.058331165139867525,
    "BFIT": -0.0002729665990299484,
    "WFIT": -0.03541701764276116,
    "AWFIT": -0.09810029565611157
}